average_difference,max_difference,min_difference,average_relative_difference,min_relative_difference,max_relative_difference,max_validation_fitness,difference_of_maxs,relative_difference_of_maxs,relative_difference_baseline,repertoire_id,sensor_id
inf,3.4028235e+38,-51.63806,-4.0306028e+34,-2.0030668e+38,1.073431e+38,-36.20468,106.050156,1.518354,1.5262946,1,0
inf,3.4028235e+38,-51.63806,-4.0306028e+34,-2.0030668e+38,1.073431e+38,-36.20468,106.050156,1.518354,1.5262946,2,0
inf,3.4028235e+38,-120.03039,-inf,-inf,7.0136283e+37,28.896637,40.948837,0.5862776,0.8163895,1,1
inf,3.4028235e+38,-120.03039,-inf,-inf,7.0136283e+37,28.896637,40.948837,0.5862776,0.8163895,2,1
