average_difference,max_difference,min_difference,average_relative_difference,min_relative_difference,max_relative_difference,max_validation_fitness,difference_of_maxs,relative_difference_of_maxs,relative_difference_baseline,repertoire_id,sensor_id
inf,3.4028235e+38,-776.94006,8.689654e+33,-3.0495768,1.483422e+36,1094.0933,186.53052,0.14565599,0.9363893,1,0
inf,3.4028235e+38,-776.94006,8.689654e+33,-3.0495768,1.483422e+36,1094.0933,186.53052,0.14565599,0.9363893,2,0
inf,3.4028235e+38,-673.3723,8.889217e+32,-2.1935413,5.0025573e+35,1057.5149,223.10889,0.17421892,0.8361447,1,1
inf,3.4028235e+38,-673.3723,8.889217e+32,-2.1935413,5.0025573e+35,1057.5149,223.10889,0.17421892,0.8361447,2,1
inf,3.4028235e+38,-823.37634,1.2827162e+34,-4.51164,2.0651453e+36,1114.4104,166.21338,0.12979095,0.84511924,1,2
inf,3.4028235e+38,-823.37634,1.2827162e+34,-4.51164,2.0651453e+36,1114.4104,166.21338,0.12979095,0.84511924,2,2
inf,3.4028235e+38,-711.47864,3.7904495e+33,-2.0664568,1.5413942e+36,1107.3982,173.22559,0.13526657,0.82924426,1,3
inf,3.4028235e+38,-711.47864,3.7904495e+33,-2.0664568,1.5413942e+36,1107.3982,173.22559,0.13526657,0.82924426,2,3
