average_difference,max_difference,min_difference,average_relative_difference,min_relative_difference,max_relative_difference,max_validation_fitness,difference_of_maxs,relative_difference_of_maxs,relative_difference_baseline,repertoire_id,sensor_id
3.612339e+35,3.4028235e+38,-729.9858,8.784119e+32,-2.589667,8.27464e+35,1187.1045,39.46924,0.032178447,0.19072835,1,0
3.612339e+35,3.4028235e+38,-729.9858,8.784119e+32,-2.589667,8.27464e+35,1187.1045,39.46924,0.032178447,0.19072835,2,0
3.612339e+35,3.4028235e+38,-584.7291,6.545807e+32,-1.3807242,6.1661496e+35,1222.3918,4.181885,0.0034094036,0.63230014,1,1
3.612339e+35,3.4028235e+38,-584.7291,6.545807e+32,-1.3807242,6.1661496e+35,1222.3918,4.181885,0.0034094036,0.63230014,2,1
inf,3.4028235e+38,-657.48126,3.74862e+33,-19.087631,1.4590888e+36,1167.3663,59.207397,0.048270557,0.14385676,1,2
inf,3.4028235e+38,-657.48126,3.74862e+33,-19.087631,1.4590888e+36,1167.3663,59.207397,0.048270557,0.14385676,2,2
inf,3.4028235e+38,-979.07635,1.9101729e+33,-4.1546574,6.031905e+35,1214.7339,11.839844,0.009652778,0.66301453,1,3
inf,3.4028235e+38,-979.07635,1.9101729e+33,-4.1546574,6.031905e+35,1214.7339,11.839844,0.009652778,0.66301453,2,3
