average_difference,max_difference,min_difference,average_relative_difference,min_relative_difference,max_relative_difference,max_validation_fitness,difference_of_maxs,relative_difference_of_maxs,relative_difference_baseline,repertoire_id,sensor_id
inf,3.4028235e+38,-35.562195,nan,-inf,inf,-36.413483,107.94455,1.5090582,1.6200354,1,0
inf,3.4028235e+38,-35.562195,nan,-inf,inf,-36.413483,107.94455,1.5090582,1.6200354,2,0
inf,3.4028235e+38,-73.71531,2.776969e+35,-1.203279e+37,3.8081416e+37,28.358932,43.172134,0.6035438,0.79909235,1,1
inf,3.4028235e+38,-73.71531,2.776969e+35,-1.203279e+37,3.8081416e+37,28.358932,43.172134,0.6035438,0.79909235,2,1
