average_difference,max_difference,min_difference,average_relative_difference,min_relative_difference,max_relative_difference,max_validation_fitness,difference_of_maxs,relative_difference_of_maxs,relative_difference_baseline,repertoire_id,sensor_id
inf,3.4028235e+38,-568.3152,2.5733298e+33,-1.0982827,6.986935e+35,1176.3909,121.91235,0.09390129,0.9017389,1,0
inf,3.4028235e+38,-568.3152,2.5733298e+33,-1.0982827,6.986935e+35,1176.3909,121.91235,0.09390129,0.9017389,2,0
inf,3.4028235e+38,-591.959,1.8623505e+33,-1.1439749,6.986935e+35,1215.7314,82.57178,0.063599765,0.9535328,1,1
inf,3.4028235e+38,-591.959,1.8623505e+33,-1.1439749,6.986935e+35,1215.7314,82.57178,0.063599765,0.9535328,2,1
inf,3.4028235e+38,-710.228,1.4684239e+33,-1.5843862,6.123488e+35,1240.586,57.717163,0.04445584,0.9653748,1,2
inf,3.4028235e+38,-710.228,1.4684239e+33,-1.5843862,6.123488e+35,1240.586,57.717163,0.04445584,0.9653748,2,2
