average_difference,max_difference,min_difference,average_relative_difference,min_relative_difference,max_relative_difference,max_validation_fitness,difference_of_maxs,relative_difference_of_maxs,relative_difference_baseline,repertoire_id,sensor_id
inf,3.4028235e+38,-23.972046,inf,-1.1404959e+38,2.1971176e+38,-36.364944,105.433716,1.5265034,1.5313628,1,0
inf,3.4028235e+38,-23.972046,inf,-1.1404959e+38,2.1971176e+38,-36.364944,105.433716,1.5265034,1.5313628,2,0
inf,3.4028235e+38,-77.121544,inf,-1.7151278e+37,3.6918737e+37,28.821747,40.247025,0.58270943,4.9267177e+36,1,1
inf,3.4028235e+38,-77.121544,inf,-1.7151278e+37,3.6918737e+37,28.821747,40.247025,0.58270943,4.9267177e+36,2,1
