average_difference,max_difference,min_difference,average_relative_difference,min_relative_difference,max_relative_difference,max_validation_fitness,difference_of_maxs,relative_difference_of_maxs,relative_difference_baseline,repertoire_id,sensor_id
54.374786,119.6959,-22.78563,4.199787,-139.73904,1260.4854,-36.84471,107.69335,1.5200483,1.6111227,1,0
54.374786,119.6959,-22.78563,4.199787,-139.73904,1260.4854,-36.84471,107.69335,1.5200483,1.6111227,2,0
21.460098,137.65445,-76.81444,0.734485,-148.55107,26.828505,28.974579,41.87406,0.5910355,1.8607534,1,1
21.460098,137.65445,-76.81444,0.734485,-148.55107,26.828505,28.974579,41.87406,0.5910355,1.8607534,2,1
