average_difference,max_difference,min_difference,average_relative_difference,min_relative_difference,max_relative_difference,max_validation_fitness,difference_of_maxs,relative_difference_of_maxs,relative_difference_baseline,repertoire_id,sensor_id
inf,3.4028235e+38,-47.940704,inf,-8.4741505e+37,1.7394598e+38,-36.585083,106.4897,1.5233572,2.2594528,1,0
inf,3.4028235e+38,-47.940704,inf,-8.4741505e+37,1.7394598e+38,-36.585083,106.4897,1.5233572,2.2594528,2,0
inf,3.4028235e+38,-105.589905,-inf,-inf,9.184253e+37,28.814926,41.08969,0.5877965,1.866024,1,1
inf,3.4028235e+38,-105.589905,-inf,-inf,9.184253e+37,28.814926,41.08969,0.5877965,1.866024,2,1
