average_difference,max_difference,min_difference,average_relative_difference,min_relative_difference,max_relative_difference,max_validation_fitness,difference_of_maxs,relative_difference_of_maxs,relative_difference_baseline,repertoire_id,sensor_id
54.516014,117.31471,-26.418594,4.880429,-512.76807,3157.061,-36.23445,106.39224,1.5164708,1.516769,1,0
54.516014,117.31471,-26.418594,4.880429,-512.76807,3157.061,-36.23445,106.39224,1.5164708,1.516769,2,0
7.3104553,131.85313,-76.37539,-0.601707,-1684.9113,251.01714,28.911293,41.2465,0.5879105,1.8793797,1,1
7.3104553,131.85313,-76.37539,-0.601707,-1684.9113,251.01714,28.911293,41.2465,0.5879105,1.8793797,2,1
