average_difference,max_difference,min_difference,average_relative_difference,min_relative_difference,max_relative_difference,max_validation_fitness,difference_of_maxs,relative_difference_of_maxs,relative_difference_baseline,repertoire_id,sensor_id
inf,3.4028235e+38,-16.810837,2.3204966e+35,-8.519532e+36,6.408499e+37,-36.20468,106.01605,1.5186073,1.5186073,1,0
inf,3.4028235e+38,-16.810837,2.3204966e+35,-8.519532e+36,6.408499e+37,-36.20468,106.01605,1.5186073,1.5186073,2,0
inf,3.4028235e+38,-71.83017,1.2647341e+35,-8.9795666e+36,2.2408845e+37,29.060394,40.750977,0.5837298,0.7934209,1,1
inf,3.4028235e+38,-71.83017,1.2647341e+35,-8.9795666e+36,2.2408845e+37,29.060394,40.750977,0.5837298,0.7934209,2,1
