average_difference,max_difference,min_difference,average_relative_difference,min_relative_difference,max_relative_difference,max_validation_fitness,difference_of_maxs,relative_difference_of_maxs,relative_difference_baseline,repertoire_id,sensor_id
inf,3.4028235e+38,-23.544006,nan,-inf,8.891489e+37,-36.413483,103.74849,1.5407809,1.5408996,1,0
inf,3.4028235e+38,-23.544006,nan,-inf,8.891489e+37,-36.413483,103.74849,1.5407809,1.5408996,2,0
inf,3.4028235e+38,-66.51714,3.2730162e+35,-1.8105772e+37,4.2105395e+37,28.773163,38.561844,0.57268643,0.78828436,1,1
inf,3.4028235e+38,-66.51714,3.2730162e+35,-1.8105772e+37,4.2105395e+37,28.773163,38.561844,0.57268643,0.78828436,2,1
