average_difference,max_difference,min_difference,average_relative_difference,min_relative_difference,max_relative_difference,max_validation_fitness,difference_of_maxs,relative_difference_of_maxs,relative_difference_baseline,repertoire_id,sensor_id
56.798286,136.67932,-26.653717,-17.198505,-19792.746,78.853065,-36.318268,107.47466,1.5104007,1.5108085,1,0
56.798286,136.67932,-26.653717,-17.198505,-19792.746,78.853065,-36.318268,107.47466,1.5104007,1.5108085,2,0
14.130512,131.14598,-67.69707,10.434719,-118.53273,9922.282,29.092567,42.063828,0.5911461,0.71620226,1,1
14.130512,131.14598,-67.69707,10.434719,-118.53273,9922.282,29.092567,42.063828,0.5911461,0.71620226,2,1
