average_difference,max_difference,min_difference,average_relative_difference,min_relative_difference,max_relative_difference,max_validation_fitness,difference_of_maxs,relative_difference_of_maxs,relative_difference_baseline,repertoire_id,sensor_id
52.058342,155.74844,-23.29364,3.7348642,-306.6515,1144.0281,-36.1817,104.35397,1.5307393,2.2846303,1,0
52.058342,155.74844,-23.29364,3.7348642,-306.6515,1144.0281,-36.1817,104.35397,1.5307393,2.2846303,2,0
13.334095,130.06741,-80.234566,0.27868158,-348.10428,28.525478,28.644928,39.527344,0.57981557,1.9079225,1,1
13.334095,130.06741,-80.234566,0.27868158,-348.10428,28.525478,28.644928,39.527344,0.57981557,1.9079225,2,1
