average_difference,max_difference,min_difference,average_relative_difference,min_relative_difference,max_relative_difference,max_validation_fitness,difference_of_maxs,relative_difference_of_maxs,relative_difference_baseline,repertoire_id,sensor_id
inf,3.4028235e+38,-28.170334,-inf,-inf,1.1142461e+38,-36.604492,106.59332,1.5230048,1.5257902,1,0
inf,3.4028235e+38,-28.170334,-inf,-inf,1.1142461e+38,-36.604492,106.59332,1.5230048,1.5257902,2,0
inf,3.4028235e+38,-79.44386,inf,-3.245633e+38,7.4351424e+37,28.80854,41.18029,0.58838373,4.8619522e+36,1,1
inf,3.4028235e+38,-79.44386,inf,-3.245633e+38,7.4351424e+37,28.80854,41.18029,0.58838373,4.8619522e+36,2,1
