average_difference,max_difference,min_difference,average_relative_difference,min_relative_difference,max_relative_difference,max_validation_fitness,difference_of_maxs,relative_difference_of_maxs,relative_difference_baseline,repertoire_id,sensor_id
inf,3.4028235e+38,-25.140564,inf,-2.0819926e+38,1.8239977e+38,-36.44171,109.78234,1.496883,1.4994285,1,0
inf,3.4028235e+38,-25.140564,inf,-2.0819926e+38,1.8239977e+38,-36.44171,109.78234,1.496883,1.4994285,2,0
inf,3.4028235e+38,-78.56194,inf,-1.1262541e+37,4.810622e+37,28.460556,44.880074,0.61194015,4.639752e+36,1,1
inf,3.4028235e+38,-78.56194,inf,-1.1262541e+37,4.810622e+37,28.460556,44.880074,0.61194015,4.639752e+36,2,1
