average_difference,max_difference,min_difference,average_relative_difference,min_relative_difference,max_relative_difference,max_validation_fitness,difference_of_maxs,relative_difference_of_maxs,relative_difference_baseline,repertoire_id,sensor_id
53.858425,129.32983,-30.121948,2.908324,-155.0919,146.32674,-36.14572,109.834724,1.4905171,1.4915836,1,0
53.858425,129.32983,-30.121948,2.908324,-155.0919,146.32674,-36.14572,109.834724,1.4905171,1.4915836,2,0
12.341784,144.24799,-71.237434,0.31570935,-175.20924,61.13481,29.093437,44.595566,0.60518616,1.8392496,1,1
12.341784,144.24799,-71.237434,0.31570935,-175.20924,61.13481,29.093437,44.595566,0.60518616,1.8392496,2,1
