average_difference,max_difference,min_difference,average_relative_difference,min_relative_difference,max_relative_difference,max_validation_fitness,difference_of_maxs,relative_difference_of_maxs,relative_difference_baseline,repertoire_id,sensor_id
inf,3.4028235e+38,-30.449066,2.4728813e+35,-1.01402186e+37,6.58173e+37,-36.211792,105.49164,1.5226887,1.5258089,1,0
inf,3.4028235e+38,-30.449066,2.4728813e+35,-1.01402186e+37,6.58173e+37,-36.211792,105.49164,1.5226887,1.5258089,2,0
inf,3.4028235e+38,-74.518814,inf,-1.0042702e+37,3.6199568e+37,28.596436,40.68341,0.587233,1.8853642,1,1
inf,3.4028235e+38,-74.518814,inf,-1.0042702e+37,3.6199568e+37,28.596436,40.68341,0.587233,1.8853642,2,1
