average_difference,max_difference,min_difference,average_relative_difference,min_relative_difference,max_relative_difference,max_validation_fitness,difference_of_maxs,relative_difference_of_maxs,relative_difference_baseline,repertoire_id,sensor_id
inf,3.4028235e+38,-23.059692,inf,-1.05904646e+37,9.012987e+37,-36.828613,105.86728,1.533449,2.2221327,1,0
inf,3.4028235e+38,-23.059692,inf,-1.05904646e+37,9.012987e+37,-36.828613,105.86728,1.533449,2.2221327,2,0
inf,3.4028235e+38,-70.702545,inf,-6.575681e+36,5.5273673e+37,28.713104,40.32556,0.58410114,1.8906089,1,1
inf,3.4028235e+38,-70.702545,inf,-6.575681e+36,5.5273673e+37,28.713104,40.32556,0.58410114,1.8906089,2,1
