average_difference,max_difference,min_difference,average_relative_difference,min_relative_difference,max_relative_difference,max_validation_fitness,difference_of_maxs,relative_difference_of_maxs,relative_difference_baseline,repertoire_id,sensor_id
inf,3.4028235e+38,-20.853546,1.1166173e+35,-1.2024285e+37,7.235662e+37,-36.14572,111.016205,1.4827766,1.4863098,1,0
inf,3.4028235e+38,-20.853546,1.1166173e+35,-1.2024285e+37,7.235662e+37,-36.14572,111.016205,1.4827766,1.4863098,2,0
inf,3.4028235e+38,-71.46373,nan,-inf,4.142879e+37,28.688805,46.18168,0.6168209,0.7262136,1,1
inf,3.4028235e+38,-71.46373,nan,-inf,4.142879e+37,28.688805,46.18168,0.6168209,0.7262136,2,1
