average_difference,max_difference,min_difference,average_relative_difference,min_relative_difference,max_relative_difference,max_validation_fitness,difference_of_maxs,relative_difference_of_maxs,relative_difference_baseline,repertoire_id,sensor_id
57.07731,131.20041,-12.664886,9.829041,-199.58311,6843.143,-36.207916,111.536194,1.4806683,1.4811414,1,0
57.07731,131.20041,-12.664886,9.829041,-199.58311,6843.143,-36.207916,111.536194,1.4806683,1.4811414,2,0
27.330166,135.85913,-62.691208,-0.6965662,-1563.9396,98.04785,29.119217,46.20906,0.6134358,1.8035609,1,1
27.330166,135.85913,-62.691208,-0.6965662,-1563.9396,98.04785,29.119217,46.20906,0.6134358,1.8035609,2,1
