average_difference,max_difference,min_difference,average_relative_difference,min_relative_difference,max_relative_difference,max_validation_fitness,difference_of_maxs,relative_difference_of_maxs,relative_difference_baseline,repertoire_id,sensor_id
inf,3.4028235e+38,-55.107178,-1.1865798e+35,-2.813335e+38,3.07898e+38,-36.554474,106.40697,1.5233095,1.5247144,1,0
inf,3.4028235e+38,-55.107178,-1.1865798e+35,-2.813335e+38,3.07898e+38,-36.554474,106.40697,1.5233095,1.5247144,2,0
inf,3.4028235e+38,-119.24005,-inf,-2.813335e+38,1.8915688e+38,29.119156,40.733337,0.58313364,1.8773807,1,1
inf,3.4028235e+38,-119.24005,-inf,-2.813335e+38,1.8915688e+38,29.119156,40.733337,0.58313364,1.8773807,2,1
