average_difference,max_difference,min_difference,average_relative_difference,min_relative_difference,max_relative_difference,max_validation_fitness,difference_of_maxs,relative_difference_of_maxs,relative_difference_baseline,repertoire_id,sensor_id
inf,3.4028235e+38,-45.244476,2.924086e+35,-4.264241e+37,1.6103713e+38,-36.84471,105.99536,1.532818,1.5333995,1,0
inf,3.4028235e+38,-45.244476,2.924086e+35,-4.264241e+37,1.6103713e+38,-36.84471,105.99536,1.532818,1.5333995,2,0
inf,3.4028235e+38,-102.95109,1.436651e+35,-2.81134e+37,2.617363e+37,29.006195,40.144455,0.5805362,0.89781517,1,1
inf,3.4028235e+38,-102.95109,1.436651e+35,-2.81134e+37,2.617363e+37,29.006195,40.144455,0.5805362,0.89781517,2,1
