average_difference,max_difference,min_difference,average_relative_difference,min_relative_difference,max_relative_difference,max_validation_fitness,difference_of_maxs,relative_difference_of_maxs,relative_difference_baseline,repertoire_id,sensor_id
inf,3.4028235e+38,-36.011505,nan,-2.4570032e+38,inf,-36.22522,108.548256,1.5008808,1.5181878,1,0
inf,3.4028235e+38,-36.011505,nan,-2.4570032e+38,inf,-36.22522,108.548256,1.5008808,1.5181878,2,0
inf,3.4028235e+38,-77.6241,inf,-1.1062793e+37,1.8430595e+38,28.553223,43.769814,0.6051988,1.8770257,1,1
inf,3.4028235e+38,-77.6241,inf,-1.1062793e+37,1.8430595e+38,28.553223,43.769814,0.6051988,1.8770257,2,1
