average_difference,max_difference,min_difference,average_relative_difference,min_relative_difference,max_relative_difference,max_validation_fitness,difference_of_maxs,relative_difference_of_maxs,relative_difference_baseline,repertoire_id,sensor_id
inf,3.4028235e+38,-61.982132,nan,-inf,inf,-36.866013,104.22992,1.5472666,1.5521876,1,0
inf,3.4028235e+38,-61.982132,nan,-inf,inf,-36.866013,104.22992,1.5472666,1.5521876,2,0
inf,3.4028235e+38,-110.39317,1.1315938e+34,-5.0384923e+37,1.4314618e+38,28.865257,38.49865,0.5715026,5.0514045e+36,1,1
inf,3.4028235e+38,-110.39317,1.1315938e+34,-5.0384923e+37,1.4314618e+38,28.865257,38.49865,0.5715026,5.0514045e+36,2,1
