average_difference,max_difference,min_difference,average_relative_difference,min_relative_difference,max_relative_difference,max_validation_fitness,difference_of_maxs,relative_difference_of_maxs,relative_difference_baseline,repertoire_id,sensor_id
58.327377,138.9983,-25.99089,3.3075747,-64.84172,603.01135,-36.183014,105.91496,1.5188872,1.5191755,1,0
58.327377,138.9983,-25.99089,3.3075747,-64.84172,603.01135,-36.183014,105.91496,1.5188872,1.5191755,2,0
20.383255,130.39243,-84.96167,0.908355,-139.6061,18.782534,28.967598,40.76435,0.58458644,1.8646115,1,1
20.383255,130.39243,-84.96167,0.908355,-139.6061,18.782534,28.967598,40.76435,0.58458644,1.8646115,2,1
