average_difference,max_difference,min_difference,average_relative_difference,min_relative_difference,max_relative_difference,max_validation_fitness,difference_of_maxs,relative_difference_of_maxs,relative_difference_baseline,repertoire_id,sensor_id
55.342014,113.74134,-24.984985,3.9170604,-58.116364,1228.821,-36.204697,108.549866,1.5004438,1.5005628,1,0
55.342014,113.74134,-24.984985,3.9170604,-58.116364,1228.821,-36.204697,108.549866,1.5004438,1.5005628,2,0
41.712868,133.53802,-72.141945,1.8952917,-5.89361,97.03313,28.822296,43.522873,0.6016003,1.8458458,1,1
41.712868,133.53802,-72.141945,1.8952917,-5.89361,97.03313,28.822296,43.522873,0.6016003,1.8458458,2,1
