average_difference,max_difference,min_difference,average_relative_difference,min_relative_difference,max_relative_difference,max_validation_fitness,difference_of_maxs,relative_difference_of_maxs,relative_difference_baseline,seed,environment,sampling,repertoire_id,sensor_id
-inf,192.21194,-3.4028235e+38,-0.41130316,-6.9846497,1.0,-88.22354,60.70925,-2.2064626,-6.9846497,27,robotmaze,ga,1,0
-inf,311.85297,-3.4028235e+38,-0.6956292,-9.673951,1.0,-88.22354,60.70925,-2.2064626,-9.673951,27,robotmaze,ga,1,1
-inf,397.96738,-3.4028235e+38,0.19993587,-4.5108976,1.0,-33.914993,6.4007034,-0.23263197,-0.23263197,27,robotmaze,ga,1,2
-inf,599.02515,-3.4028235e+38,-1.8347082,-21.762085,1.0,-88.22354,60.70925,-2.2064626,-17.402868,27,robotmaze,ga,1,3
-inf,466.78232,-3.4028235e+38,-1.0009915,-15.591293,1.0,-27.955711,0.4414215,-0.016043354,-0.6867722,27,robotmaze,ga,1,4
