average_difference,max_difference,min_difference,average_relative_difference,min_relative_difference,max_relative_difference,max_validation_fitness,difference_of_maxs,relative_difference_of_maxs,relative_difference_baseline,repertoire_id,sensor_id
105.304794,743.816,-868.6449,-2.0627308,-134.09016,0.87774575,-1.1079788,0.0,-0.0,-0.0,main,0
inf,3.4028235e+38,-558.8151,-9.455871e+34,-4.1105013e+37,0.89963317,-29.658844,28.550865,-25.768421,-571.2761,main,1
75.34006,650.9326,-671.2434,-3.4368896,-519.9968,0.8987056,-3.102829,1.9948502,-1.8004407,-519.9968,main,2
44.206318,759.43066,-567.34705,-1.784338,-330.8581,0.90879935,-1.1079788,0.0,-0.0,-0.0,main,3
7.178952e+35,3.4028235e+38,-666.45844,-1.6972533e+34,-8.044981e+36,0.8927259,-8.278366,7.1703873,-6.4715924,-513.7679,main,4
