average_difference,max_difference,min_difference,average_relative_difference,min_relative_difference,max_relative_difference,max_validation_fitness,difference_of_maxs,relative_difference_of_maxs,relative_difference_baseline,repertoire_id,sensor_id
inf,3.4028235e+38,-919.6808,2.1060648e+33,-8.582099,4.3517954e+35,1347.9202,218.13794,0.1392911,0.9821203,main,0
inf,3.4028235e+38,-850.2201,1.0810351e+34,-8.535255,6.0738318e+35,1357.3589,208.69922,0.13326403,0.9635355,main,1
inf,3.4028235e+38,-861.73096,3.5317832e+33,-11.34594,5.069953e+35,1306.436,259.62207,0.16578062,0.95211303,main,2
inf,3.4028235e+38,-884.734,2.2168308e+33,-8.255989,6.936929e+35,1569.7002,-3.6420898,-0.0023256417,0.85884863,main,3
