average_difference,max_difference,min_difference,average_relative_difference,min_relative_difference,max_relative_difference,max_validation_fitness,difference_of_maxs,relative_difference_of_maxs,relative_difference_baseline,repertoire_id,sensor_id
inf,3.4028235e+38,-453.34198,-1.1014208e+34,-3.3520082e+36,100.99129,19.017738,0.0,0.0,0.0,main,0
inf,3.4028235e+38,-709.6188,-6.869609e+34,-5.1888647e+36,262.5671,-7.5249634,26.542702,1.3956813,21.48592,main,1
inf,3.4028235e+38,-571.06494,-2.6732936e+34,-9.9979977e+36,230.93951,-27.314308,46.332047,2.4362543,34.256527,main,2
inf,3.4028235e+38,-657.1744,-4.788393e+33,-1.2838729e+36,11.846484,6.9839325,12.033806,0.63276744,11.846484,main,3
52.405685,763.88007,-680.91125,0.39680806,-80.396675,239.58575,-7.24485,26.262589,1.3809522,20.039207,main,4
