average_difference,max_difference,min_difference,average_relative_difference,min_relative_difference,max_relative_difference,max_validation_fitness,difference_of_maxs,relative_difference_of_maxs,relative_difference_baseline,repertoire_id,sensor_id
inf,3.4028235e+38,-535.5082,-2.4514058e+34,-1.04881354e+37,0.9728111,5.6093445,0.0,0.0,0.0,main,0
inf,3.4028235e+38,-736.4807,-1.3925409e+34,-2.4612552e+36,151.11139,-31.920715,37.53006,6.690632,108.66141,main,1
6.819285e+35,3.4028235e+38,-509.54013,-1.5814993e+33,-7.891682e+35,151.3681,-0.46891785,6.0782623,1.0835959,113.06858,main,2
inf,3.4028235e+38,-513.00085,-3.714737e+33,-7.468396e+35,150.46169,-6.7220306,12.331375,2.198363,113.8934,main,3
51.632362,773.21063,-480.15778,-2.7672942,-1037.4591,0.8263779,5.6093445,0.0,0.0,0.0,main,4
