average_difference,max_difference,min_difference,average_relative_difference,min_relative_difference,max_relative_difference,max_validation_fitness,difference_of_maxs,relative_difference_of_maxs,relative_difference_baseline,repertoire_id,sensor_id
6.4204217e+35,3.4028235e+38,-777.4556,-1.0640724e+33,-5.6395834e+35,16.551805,21.233734,0.11282349,0.0052853245,16.551805,main,0
inf,3.4028235e+38,-580.5272,-1.336489e+34,-1.7553907e+36,843.4873,-32.164185,53.510742,2.506762,17.944351,main,1
inf,3.4028235e+38,-549.47314,-1.7309812e+34,-1.0506062e+36,858.5561,-10.738113,32.08467,1.5030372,16.93049,main,2
inf,3.4028235e+38,-590.0738,-3.694626e+33,-1.3305044e+36,80.03535,20.038422,1.308136,0.061280888,17.700481,main,3
inf,3.4028235e+38,-485.79437,-1.5824211e+34,-1.7553907e+36,40.188625,21.346558,0.0,0.0,0.0,main,4
