average_difference,max_difference,min_difference,average_relative_difference,min_relative_difference,max_relative_difference,max_validation_fitness,difference_of_maxs,relative_difference_of_maxs,relative_difference_baseline,repertoire_id,sensor_id
inf,3.4028235e+38,-0.71399117,nan,-inf,inf,0.7216464,0.018050969,0.024403179,0.30315802,main,0
inf,3.4028235e+38,-0.6458105,nan,-inf,inf,0.6273059,0.11239147,0.1519425,0.9713598,main,1
inf,3.4028235e+38,-0.58341944,inf,-26.703678,inf,0.7396974,0.0,0.0,0.0,main,2
inf,3.4028235e+38,-0.74297345,nan,-inf,inf,0.7344158,0.0052815676,0.007140173,0.9769948,main,3
0.020521466,0.9106448,-0.6566025,0.42870733,-24.047651,72.25214,0.7344158,0.0052815676,0.007140173,1.0872043,main,4
