average_difference,max_difference,min_difference,average_relative_difference,min_relative_difference,max_relative_difference,max_validation_fitness,difference_of_maxs,relative_difference_of_maxs,relative_difference_baseline,repertoire_id,sensor_id
6.972998e+35,3.4028235e+38,-537.7107,-1.16165415e+33,-5.6688725e+35,160.54153,21.306427,0.0,0.0,0.0,main,0
inf,3.4028235e+38,-482.86865,-5.259202e+33,-8.197797e+35,394.02023,-35.637726,56.944153,2.672628,30.347403,main,1
inf,3.4028235e+38,-453.8479,-3.2952473e+34,-8.0869707e+36,402.2855,-32.55188,53.858307,2.5277963,26.720333,main,2
6.972998e+35,3.4028235e+38,-539.99,-8.9730165e+32,-4.3788324e+35,56.560085,21.306427,0.0,0.0,26.127354,main,3
inf,3.4028235e+38,-537.7107,-3.1301376e+33,-7.905899e+35,66.780205,16.634262,4.672165,0.2192843,30.514973,main,4
