average_difference,max_difference,min_difference,average_relative_difference,min_relative_difference,max_relative_difference,max_validation_fitness,difference_of_maxs,relative_difference_of_maxs,relative_difference_baseline,repertoire_id,sensor_id
inf,3.4028235e+38,-488.83478,-2.9037188e+34,-1.032407e+37,676.5786,10.227074,7.949501,0.4373487,0.6332252,main,0
inf,3.4028235e+38,-605.1886,-2.1457722e+34,-2.6523603e+36,297.7414,-30.58522,48.761795,2.6826725,34.747066,main,1
8.0445e+35,3.4028235e+38,-768.85315,-1.2959643e+33,-5.481929e+35,273.3675,-32.9601,51.136673,2.8133283,14.210141,main,2
69.01476,636.44867,-496.79593,2.763924,-26.900269,665.748,9.2764435,8.900131,0.48964843,23.630453,main,3
8.0445e+35,3.4028235e+38,-381.75427,-1.6351619e+33,-6.916735e+35,54.000263,18.176575,0.0,0.0,0.0,main,4
