average_difference,max_difference,min_difference,average_relative_difference,min_relative_difference,max_relative_difference,max_validation_fitness,difference_of_maxs,relative_difference_of_maxs,relative_difference_baseline,repertoire_id,sensor_id
inf,3.4028235e+38,-573.21875,-7.7416146e+33,-9.308562e+35,61.51425,9.105278,0.0,0.0,0.0,main,0
inf,3.4028235e+38,-433.7569,-3.2377412e+33,-7.529908e+35,209.67453,-33.913605,43.018883,4.7246094,70.07424,main,1
inf,3.4028235e+38,-345.47305,-5.938319e+34,-8.347505e+36,184.54822,-31.349503,40.45478,4.443003,62.792976,main,2
30.36938,644.8969,-532.5082,0.27293485,-236.37389,208.83955,-3.711792,12.81707,1.4076527,70.021706,main,3
inf,3.4028235e+38,-890.50037,-2.9418029e+35,-1.3330988e+38,210.62845,-3.711792,12.81707,1.4076527,70.83292,main,4
