average_difference,max_difference,min_difference,average_relative_difference,min_relative_difference,max_relative_difference,max_validation_fitness,difference_of_maxs,relative_difference_of_maxs,relative_difference_baseline,repertoire_id,sensor_id
inf,3.4028235e+38,-611.46655,-3.184268e+34,-2.969776e+36,48.303543,-12.203003,25.357986,1.9276334,48.303543,main,0
8.082716e+35,3.4028235e+38,-750.37787,-3.89172e+33,-1.6384142e+36,45.50368,-9.160439,22.315422,1.6963474,45.50368,main,1
8.082716e+35,3.4028235e+38,-653.6926,-1.20334054e+33,-5.0660634e+35,707.39026,-32.36371,45.518692,3.4601862,48.495766,main,2
inf,3.4028235e+38,-544.9835,-2.0474428e+34,-5.420446e+36,0.92975575,13.1549835,0.0,0.0,0.0,main,3
8.082716e+35,3.4028235e+38,-505.1144,-1.7053317e+33,-7.179446e+35,43.281563,-2.5187073,15.673691,1.1914641,43.281563,main,4
