average_difference,max_difference,min_difference,average_relative_difference,min_relative_difference,max_relative_difference,max_validation_fitness,difference_of_maxs,relative_difference_of_maxs,relative_difference_baseline,repertoire_id,sensor_id
inf,3.4028235e+38,-461.67758,-4.0688041e+34,-5.131206e+36,0.8040083,-0.632843,0.0,-0.0,-0.0,main,0
inf,3.4028235e+38,-527.1215,-9.1580854e+33,-1.1758459e+36,0.90722877,-31.81778,31.184937,-49.277523,-1012.67645,main,1
8.360745e+35,3.4028235e+38,-748.76807,-1.9535488e+33,-7.950944e+35,0.89028347,-32.889954,32.25711,-50.97174,-900.5609,main,2
inf,3.4028235e+38,-764.78015,-1.8274483e+34,-1.518395e+36,0.9072977,-8.845039,8.212196,-12.976672,-829.97754,main,3
60.98221,711.0796,-491.86832,-3.3029673,-1123.6272,0.82051057,-8.845039,8.212196,-12.976672,-1123.6272,main,4
