average_difference,max_difference,min_difference,average_relative_difference,min_relative_difference,max_relative_difference,max_validation_fitness,difference_of_maxs,relative_difference_of_maxs,relative_difference_baseline,repertoire_id,sensor_id
inf,3.4028235e+38,-577.24023,1.8465464e+34,-3.1025798,4.490066e+36,1589.6935,323.1703,0.16894579,0.50238955,main,0
456.65967,1697.3092,-733.99713,0.39814588,-5.2663984,1.015082,1685.9265,226.93726,0.118637435,0.42983705,main,1
inf,3.4028235e+38,-663.6632,1.6860239e+33,-9.96648,3.3589675e+35,1600.6683,312.19543,0.1632084,0.25254402,main,2
inf,3.4028235e+38,-856.9159,1.9824754e+33,-6.2144485,6.5657733e+35,1567.5516,345.31213,0.18052103,0.21769309,main,3
inf,3.4028235e+38,-838.3402,6.39478e+33,-4.123693,9.529934e+35,1523.8809,388.9829,0.20335108,0.99219,main,4
