average_difference,max_difference,min_difference,average_relative_difference,min_relative_difference,max_relative_difference,max_validation_fitness,difference_of_maxs,relative_difference_of_maxs,relative_difference_baseline,repertoire_id,sensor_id
inf,3.4028235e+38,-582.15063,-9.822526e+34,-1.0644285e+37,240.30211,-11.731125,14.425369,5.3541427,240.30211,main,0
inf,3.4028235e+38,-407.57928,-1.2188314e+35,-3.5938332e+36,227.33691,-27.721687,30.415932,11.289226,227.33691,main,1
inf,3.4028235e+38,-401.61346,-2.8694958e+33,-6.9671535e+35,227.00464,-11.731125,14.425369,5.3541427,227.00464,main,2
44.126812,730.01636,-561.6057,0.53011715,-17.859774,261.1142,-11.731125,14.425369,5.3541427,261.1142,main,3
7.698696e+35,3.4028235e+38,-710.008,-3.810393e+33,-1.6841936e+36,236.07689,-11.731125,14.425369,5.3541427,236.07689,main,4
