average_difference,max_difference,min_difference,average_relative_difference,min_relative_difference,max_relative_difference,max_validation_fitness,difference_of_maxs,relative_difference_of_maxs,relative_difference_baseline,repertoire_id,sensor_id
98.490524,590.9977,-350.32355,-1.0120367,-158.33488,143.17863,0.01663208,3.8180542,0.99566275,143.17863,main,0
inf,3.4028235e+38,-482.05237,-2.1989635e+34,-2.3948195e+36,37990.824,-23.343857,27.178543,7.087553,163.58643,main,1
inf,3.4028235e+38,-403.99072,-7.5308676e+34,-1.1797381e+37,38013.754,-34.687195,38.52188,10.045641,140.32826,main,2
55.847755,677.8548,-575.96533,-1.7004422,-365.50452,93.82975,0.01663208,3.8180542,0.99566275,93.82975,main,3
52.706306,774.39923,-466.2183,-1.0896442,-262.83118,0.82514596,3.8346863,0.0,0.0,0.0,main,4
