average_difference,max_difference,min_difference,average_relative_difference,min_relative_difference,max_relative_difference,max_validation_fitness,difference_of_maxs,relative_difference_of_maxs,relative_difference_baseline,repertoire_id,sensor_id
118.36342,720.56726,-732.6414,-2.895755,-887.8794,351.7972,-0.3101349,7.025894,1.0461801,96.5661,main,0
186.78214,753.2867,-696.86084,-14.89184,-2036.6821,94.39852,-32.07025,38.78601,5.7753725,94.39852,main,1
7.716153e+35,3.4028235e+38,-793.31854,-1.7419354e+33,-7.681935e+35,348.29962,-28.552475,35.268234,5.251563,95.61327,main,2
7.716153e+35,3.4028235e+38,-480.20248,-1.9903549e+33,-8.777465e+35,339.15402,-0.3101349,7.025894,1.0461801,92.51728,main,3
7.716153e+35,3.4028235e+38,-384.4515,-1.113729e+33,-4.9115447e+35,0.7839613,6.7157593,0.0,0.0,0.0,main,4
