average_difference,max_difference,min_difference,average_relative_difference,min_relative_difference,max_relative_difference,max_validation_fitness,difference_of_maxs,relative_difference_of_maxs,relative_difference_baseline,repertoire_id,sensor_id
7.511751e+35,3.4028235e+38,-498.14008,-2.6337298e+33,-1.1930796e+36,0.8481633,5.3464203,0.0,0.0,0.0,main,0
62.982582,629.2811,-532.4568,5.751107,-1285.6134,2106.143,-6.4403534,11.786774,2.2046103,93.73843,main,1
inf,3.4028235e+38,-742.117,2.9864097e+35,-7.610766e+35,6.834409e+37,-31.98056,37.32698,6.981677,53.395283,main,2
40.77757,800.35815,-526.70306,0.33985817,-42.495625,392.89853,5.3464203,0.0,0.0,0.0,main,3
7.511751e+35,3.4028235e+38,-824.051,-1.306936e+33,-5.92042e+35,254.97777,4.978958,0.36746216,0.0687305,68.085236,main,4
