average_difference,max_difference,min_difference,average_relative_difference,min_relative_difference,max_relative_difference,max_validation_fitness,difference_of_maxs,relative_difference_of_maxs,relative_difference_baseline,repertoire_id,sensor_id
inf,3.4028235e+38,-562.625,-1.8328274e+34,-6.9928234e+36,55.70941,15.748589,0.9324112,0.055896603,34.873978,main,0
inf,3.4028235e+38,-525.0703,-6.1808514e+34,-6.9928234e+36,177.33357,-2.1734467,18.854446,1.1302948,38.813522,main,1
inf,3.4028235e+38,-428.27777,4.73374e+35,-1.7177621e+37,9.444225e+37,-32.889954,49.570953,2.9717016,37.85385,main,2
inf,3.4028235e+38,-474.91068,-3.505203e+33,-8.766547e+35,179.45462,16.681,0.0,0.0,0.0,main,3
7.148789e+35,3.4028235e+38,-826.0109,-9.103955e+32,-4.333482e+35,73.36135,16.681,0.0,0.0,0.0,main,4
