average_difference,max_difference,min_difference,average_relative_difference,min_relative_difference,max_relative_difference,max_validation_fitness,difference_of_maxs,relative_difference_of_maxs,relative_difference_baseline,repertoire_id,sensor_id
inf,3.4028235e+38,-764.24615,-1.0042124e+34,-1.7536178e+36,62.03999,18.840057,0.0,0.0,0.0,main,0
8.702873e+35,3.4028235e+38,-958.72266,-1.6219736e+33,-6.341917e+35,85.33482,-31.224396,50.064453,2.6573408,35.706837,main,1
102.989845,677.86646,-929.83765,-2.9664664,-375.9878,67.010666,-32.889954,51.73001,2.745746,35.52004,main,2
50.303867,626.91833,-537.0563,-2.0781515,-377.21353,22.471663,16.57431,2.265747,0.12026222,20.518265,main,3
44.419346,624.8812,-962.4149,-3.415901,-375.9878,0.9308393,18.840057,0.0,0.0,0.0,main,4
