average_difference,max_difference,min_difference,average_relative_difference,min_relative_difference,max_relative_difference,max_validation_fitness,difference_of_maxs,relative_difference_of_maxs,relative_difference_baseline,repertoire_id,sensor_id
inf,3.4028235e+38,-934.16235,-1.1115782e+34,-1.3423623e+36,0.9328276,12.204193,0.0,0.0,0.0,main,0
inf,3.4028235e+38,-487.0133,-2.7041576e+35,-8.0694486e+36,279.9274,-31.770172,43.974365,3.6032178,51.68998,main,1
inf,3.4028235e+38,-812.21735,-3.9542256e+34,-8.0468014e+36,241.62059,-32.25383,44.458023,3.6428483,50.454453,main,2
inf,3.4028235e+38,-517.6546,-3.824091e+34,-9.571792e+36,0.9778566,12.204193,0.0,0.0,0.0,main,3
7.462332e+35,3.4028235e+38,-735.0698,-1.470752e+33,-6.706629e+35,0.8825336,12.204193,0.0,0.0,0.0,main,4
