average_difference,max_difference,min_difference,average_relative_difference,min_relative_difference,max_relative_difference,max_validation_fitness,difference_of_maxs,relative_difference_of_maxs,relative_difference_baseline,repertoire_id,sensor_id
218.69122,619.9021,-322.62775,-0.48418903,-510.22183,522.6138,-40.35402,51.39604,4.654586,53.052895,main,0
213.05269,613.395,-413.6996,-0.4764473,-425.63568,446.1434,-71.982666,83.02469,7.518975,48.19572,main,1
115.76342,722.73315,-526.2599,0.014331157,-115.328674,464.051,-45.326996,56.36902,5.1049542,10.346697,main,2
299.86838,728.1447,-492.86887,-1.174973,-340.1797,292.75217,-78.97336,90.01538,8.152074,28.15688,main,3
144.99132,632.008,-472.19022,-0.35579967,-475.10855,535.32367,-65.73128,76.7733,6.9528294,53.030983,main,4
