average_difference,max_difference,min_difference,average_relative_difference,min_relative_difference,max_relative_difference,max_validation_fitness,difference_of_maxs,relative_difference_of_maxs,relative_difference_baseline,repertoire_id,sensor_id
207.14003,555.144,-341.7439,-0.82013565,-9.27917,0.55269045,-46.892014,15.280472,-0.48338267,-6.798399,main,0
203.96207,629.3732,-439.21228,-0.851723,-15.03324,0.57272136,-49.573364,17.961823,-0.5682046,-15.03324,main,1
186.69174,605.7436,-572.72833,-0.7692101,-9.645296,0.63446283,-41.73958,10.1280365,-0.32039046,-7.5604806,main,2
289.32208,675.9347,-178.54114,-1.1565703,-18.97401,0.42187387,-113.31503,81.70349,-2.5846095,-8.602819,main,3
243.32611,598.72253,-296.7884,-1.000169,-16.413649,0.6585852,-59.28308,27.67154,-0.8753619,-16.413649,main,4
