average_difference,max_difference,min_difference,average_relative_difference,min_relative_difference,max_relative_difference,max_validation_fitness,difference_of_maxs,relative_difference_of_maxs,relative_difference_baseline,repertoire_id,sensor_id
232.8158,598.26843,-385.87354,-1.0300127,-17.056084,0.55333525,-51.303192,22.547882,-0.7841293,-11.04177,main,0
210.87683,636.94666,-239.08167,-0.9939182,-15.082863,0.82910717,-38.85199,10.09668,-0.35112402,-12.034103,main,1
235.90157,784.0838,-318.5069,-1.0179539,-12.061166,0.63238907,-43.68506,14.929749,-0.5191997,-12.061166,main,2
55.9215,595.8385,-500.9127,-0.5565869,-18.157125,0.8529085,-38.270844,9.515533,-0.33091396,-17.718893,main,3
229.9401,596.83923,-477.45062,-1.1169381,-17.360964,0.8742515,-65.71033,36.955017,-1.2851546,-16.892942,main,4
