average_difference,max_difference,min_difference,average_relative_difference,min_relative_difference,max_relative_difference,max_validation_fitness,difference_of_maxs,relative_difference_of_maxs,relative_difference_baseline,repertoire_id,sensor_id
229.06235,587.7573,-333.29547,-1.0479711,-16.356,0.7934014,-64.650024,29.88121,-0.85942566,-1.6030968,main,0
214.87146,669.8379,-322.67737,-1.0641755,-16.784338,0.74757755,-66.170654,31.40184,-0.9031611,-8.557721,main,1
146.9292,663.7219,-510.532,-0.8472404,-16.498865,0.907231,-41.886795,7.117981,-0.20472315,-9.294085,main,2
170.7825,762.1328,-574.1561,-0.97832817,-20.824097,0.77142346,-85.1931,50.424286,-1.4502734,-15.355701,main,3
272.24927,606.56995,-236.05823,-1.2935876,-17.389801,0.27352718,-466.0498,431.281,-12.404248,-17.389801,main,4
