average_difference,max_difference,min_difference,average_relative_difference,min_relative_difference,max_relative_difference,max_validation_fitness,difference_of_maxs,relative_difference_of_maxs,relative_difference_baseline,repertoire_id,sensor_id
174.2718,564.04047,-702.4951,-0.81953305,-11.62477,0.75499034,-45.8181,15.053268,-0.48930117,-10.019244,main,0
216.7444,692.39,-281.87244,-1.0756018,-16.216982,0.39156473,-44.120163,13.355331,-0.43411034,-14.755128,main,1
69.73551,570.3102,-772.3969,-0.47111607,-10.935565,0.75440323,-42.58087,11.81604,-0.3840762,-9.446687,main,2
260.3287,709.95844,-395.0863,-1.2284374,-21.779636,0.3858824,-559.8882,529.12335,-17.198969,-19.453842,main,3
224.28569,604.16583,-401.72852,-1.1289645,-19.083126,0.39236987,-355.41095,324.64612,-10.552507,-19.083126,main,4
