average_difference,max_difference,min_difference,average_relative_difference,min_relative_difference,max_relative_difference,max_validation_fitness,difference_of_maxs,relative_difference_of_maxs,relative_difference_baseline,repertoire_id,sensor_id
232.49268,682.25305,-293.69385,-0.92981964,-11.80137,0.49728242,-88.21866,53.515472,-1.542091,-1.7296637,main,0
179.29483,571.0955,-494.62827,-0.7083149,-9.429291,0.84235305,-42.78177,8.078583,-0.23279081,-0.9426384,main,1
214.59993,710.13617,-455.947,-0.85443175,-12.276059,0.69076353,-72.471344,37.768158,-1.0883197,-1.6312768,main,2
258.71454,678.46265,-200.37866,-1.0470898,-14.917047,0.6021539,-66.19766,31.494476,-0.9075385,-7.127877,main,3
308.64566,709.6659,-155.19525,-1.2064105,-17.138103,0.49879393,-77.61655,42.91336,-1.2365828,-4.9405093,main,4
