average_difference,max_difference,min_difference,average_relative_difference,min_relative_difference,max_relative_difference,max_validation_fitness,difference_of_maxs,relative_difference_of_maxs,relative_difference_baseline,repertoire_id,sensor_id
204.64688,536.1219,-459.7755,-0.8852443,-6.3080587,0.6815396,-80.068985,48.472702,-1.5341268,-1.705534,main,0
202.27054,583.03723,-400.98547,-0.86443526,-10.502338,0.66881114,-46.63266,15.036377,-0.4758907,-10.502338,main,1
199.77292,543.9269,-433.53735,-0.9716337,-13.50841,0.6685795,-40.549973,8.95369,-0.28337795,-9.708454,main,2
279.3091,618.6952,-374.1734,-1.2492324,-19.07603,0.3720436,-335.82147,304.2252,-9.628512,-19.07603,main,3
267.6119,619.51166,-360.3412,-1.2295498,-17.197283,0.51245797,-272.98724,241.39096,-7.639853,-17.081041,main,4
