average_difference,max_difference,min_difference,average_relative_difference,min_relative_difference,max_relative_difference,max_validation_fitness,difference_of_maxs,relative_difference_of_maxs,relative_difference_baseline,repertoire_id,sensor_id
165.52583,634.01624,-304.81744,-2.3646758,-1247.9954,89.06504,-39.70331,56.103287,3.4209366,38.659576,main,0
115.731674,634.36707,-386.9856,-2.401704,-1397.4329,91.09685,-39.419495,55.819473,3.4036307,38.68097,main,1
125.89982,716.9271,-503.8879,-2.1758583,-1446.4882,57.888096,-74.19943,90.59941,5.5243616,21.063215,main,2
228.00423,651.89777,-337.78122,-2.872478,-1491.7538,98.18465,-135.07309,151.47307,9.236175,39.720913,main,3
206.75343,640.26917,-185.71649,-2.66251,-1349.3198,89.21291,-510.06165,526.4616,32.10136,37.78304,main,4
