average_difference,max_difference,min_difference,average_relative_difference,min_relative_difference,max_relative_difference,max_validation_fitness,difference_of_maxs,relative_difference_of_maxs,relative_difference_baseline,repertoire_id,sensor_id
215.2183,541.496,-321.9301,-0.88524425,-11.575647,0.70027924,-34.849976,3.908844,-0.12633164,-10.030343,main,0
244.26337,539.5522,-269.02277,-0.9916961,-11.397509,0.7632747,-83.43587,52.494736,-1.6966004,-9.827499,main,1
248.87521,715.31165,-572.9958,-0.9658483,-12.819102,0.7495361,-47.215714,16.274582,-0.52598536,-10.590198,main,2
290.16412,682.9502,-110.075195,-1.2234018,-22.072567,0.23569888,-223.67517,192.73404,-6.229056,-22.072567,main,3
168.72606,614.13904,-491.12842,-0.70264906,-10.414053,0.8398764,-40.655518,9.714386,-0.3139635,-10.414053,main,4
