average_difference,max_difference,min_difference,average_relative_difference,min_relative_difference,max_relative_difference,max_validation_fitness,difference_of_maxs,relative_difference_of_maxs,relative_difference_baseline,repertoire_id,sensor_id
162.01768,588.082,-322.8946,-0.791462,-27.782433,0.5592845,-132.2132,111.04579,-5.246075,-27.782433,main,0
161.24715,645.93097,-293.4732,-0.81393856,-30.51536,0.6999431,-49.33728,28.169876,-1.3308139,-30.51536,main,1
201.48935,615.71594,-513.1842,-0.9165045,-29.087929,0.7529104,-42.98256,21.815155,-1.0306014,-29.087929,main,2
240.0124,608.81494,-100.83026,-1.1254975,-28.687796,0.1381315,-539.3601,518.1927,-24.480692,-28.687796,main,3
218.23367,706.4208,-222.47208,-1.0480839,-29.262905,0.58908963,-113.88019,92.71278,-4.379979,-29.262905,main,4
