average_difference,max_difference,min_difference,average_relative_difference,min_relative_difference,max_relative_difference,max_validation_fitness,difference_of_maxs,relative_difference_of_maxs,relative_difference_baseline,repertoire_id,sensor_id
244.40085,786.63385,-392.50616,-1.6578503,-185.64772,0.58045036,-38.203094,36.745544,-25.210485,-185.64772,main,0
178.4341,761.52795,-277.5321,-1.8518511,-522.4712,0.7881635,-71.84152,70.38397,-48.28923,-522.4712,main,1
248.82544,661.7726,-477.5157,-1.9842334,-405.27753,0.7867606,-75.826965,74.369415,-51.023575,-405.27753,main,2
109.68915,773.6536,-414.263,-1.5678144,-406.58127,0.90854925,-29.010315,27.552765,-18.903479,-406.58127,main,3
307.43997,728.1482,-91.83136,-2.3151593,-421.1721,0.12922014,-549.9011,548.4436,-376.2777,-421.1721,main,4
