average_difference,max_difference,min_difference,average_relative_difference,min_relative_difference,max_relative_difference,max_validation_fitness,difference_of_maxs,relative_difference_of_maxs,relative_difference_baseline,repertoire_id,sensor_id
192.13795,664.8734,-312.81778,-1.0152624,-47.07358,0.7591087,-39.78595,27.279243,-2.1811693,-47.07358,main,0
222.20724,742.4707,-177.88538,-1.1038458,-50.632053,0.6065779,-38.49341,25.986702,-2.0778215,-50.632053,main,1
50.291794,630.67163,-613.97546,-0.50268924,-41.09076,0.8297924,-48.587677,36.08097,-2.88493,-23.524942,main,2
217.85907,640.20306,-492.79202,-1.172344,-48.640354,0.836813,-82.517426,70.01072,-5.597854,-48.640354,main,3
236.27849,627.5187,-522.35645,-1.0562571,-26.267778,0.8842842,-68.3546,55.847893,-4.4654355,-24.083755,main,4
