average_difference,max_difference,min_difference,average_relative_difference,min_relative_difference,max_relative_difference,max_validation_fitness,difference_of_maxs,relative_difference_of_maxs,relative_difference_baseline,repertoire_id,sensor_id
148.11137,545.0759,-314.18872,-0.79989344,-12.565578,0.6269636,-55.13109,27.572533,-1.0005072,-12.565578,main,0
131.03122,549.2167,-230.9104,-0.65846395,-18.37415,0.7703448,-47.535812,19.977257,-0.72490215,-18.37415,main,1
226.71397,544.0553,-316.39526,-0.9498674,-19.04979,0.658737,-54.73535,27.176796,-0.98614734,-19.04979,main,2
231.22989,595.5621,-400.2848,-1.1042598,-21.610786,0.6642427,-161.90433,134.34576,-4.8749204,-21.610786,main,3
246.2149,773.5045,-350.73492,-1.1693637,-28.067673,0.7402121,-73.93202,46.373466,-1.6827248,-28.067673,main,4
