average_difference,max_difference,min_difference,average_relative_difference,min_relative_difference,max_relative_difference,max_validation_fitness,difference_of_maxs,relative_difference_of_maxs,relative_difference_baseline,repertoire_id,sensor_id
209.42117,587.4792,-305.93814,-2.2206614,-347.43924,0.63557273,-44.119095,42.52147,-26.615414,-347.43924,main,0
124.161674,616.6432,-541.30615,-2.0582502,-378.94305,0.7832144,-41.666718,40.06909,-25.0804,-378.94305,main,1
238.27678,627.6252,-560.38385,-2.530717,-392.72412,0.70615906,-41.523926,39.9263,-24.991022,-392.72412,main,2
128.62799,606.89813,-567.55,-1.8974038,-329.89948,0.9106211,-51.070282,49.472656,-30.966362,-329.89948,main,3
309.71283,752.3403,-393.48547,-2.772277,-324.51337,0.569333,-43.737,42.139374,-26.37625,-261.23636,main,4
