average_difference,max_difference,min_difference,average_relative_difference,min_relative_difference,max_relative_difference,max_validation_fitness,difference_of_maxs,relative_difference_of_maxs,relative_difference_baseline,repertoire_id,sensor_id
156.11157,778.3008,-336.9824,-6.092479,-2442.6113,493.9903,-41.620316,43.195854,27.416563,493.9903,main,0
234.36076,710.0868,-216.07751,-6.119118,-2559.3213,370.98862,-45.827103,47.40264,30.086626,370.98862,main,1
270.35638,641.87213,-242.49579,-7.3729296,-3466.0513,399.38947,-32.785385,34.360924,21.809002,399.38947,main,2
287.07208,693.66406,-179.7898,-7.127246,-3292.3364,391.693,-64.990234,66.56577,42.249535,391.693,main,3
205.45197,717.1768,-346.46332,-5.442763,-2450.2925,274.15286,-73.253174,74.82871,47.494053,274.15286,main,4
