average_difference,max_difference,min_difference,average_relative_difference,min_relative_difference,max_relative_difference,max_validation_fitness,difference_of_maxs,relative_difference_of_maxs,relative_difference_baseline,repertoire_id,sensor_id
234.0191,589.117,-293.75714,-1.1075442,-12.208597,0.54667646,-52.20111,24.15004,-0.8609311,-12.208597,main,0
148.53166,558.8587,-455.9524,-0.78624934,-10.903574,0.7922978,-41.590744,13.539673,-0.48267934,-7.7181396,main,1
288.79944,650.2656,-217.12631,-1.3116182,-10.186951,0.42254043,-47.94275,19.891678,-0.7091237,-9.354569,main,2
217.02254,596.64087,-324.88034,-1.11684,-21.269808,0.70913476,-45.87828,17.82721,-0.6355269,-21.269808,main,3
312.99734,761.06934,-130.1759,-1.5028026,-25.774258,0.17359239,-202.19409,174.14302,-6.2080703,-18.0625,main,4
