average_difference,max_difference,min_difference,average_relative_difference,min_relative_difference,max_relative_difference,max_validation_fitness,difference_of_maxs,relative_difference_of_maxs,relative_difference_baseline,repertoire_id,sensor_id
225.79324,784.21906,-354.7984,-0.20503281,-78.04732,255.76297,-45.92787,55.939163,5.587607,49.448055,main,0
180.32169,596.4254,-339.53217,-0.05840416,-75.54538,227.24211,-35.31363,45.32492,4.52738,58.97811,main,1
183.67299,576.70026,-490.22418,-0.38966006,-40.936314,138.82942,-48.063217,58.07451,5.800901,27.479172,main,2
206.46556,638.3111,-375.57727,-0.13786212,-79.45395,254.70615,-43.739014,53.750305,5.368968,63.759117,main,3
276.283,786.40375,-86.138214,-0.38725787,-100.80762,236.29568,-49.357895,59.369186,5.9302225,75.206566,main,4
