average_difference,max_difference,min_difference,average_relative_difference,min_relative_difference,max_relative_difference,max_validation_fitness,difference_of_maxs,relative_difference_of_maxs,relative_difference_baseline,repertoire_id,sensor_id
229.66147,584.9257,-347.61465,-1.4046727,-12.533219,0.69981265,-36.63434,1.6905823,-0.048380096,-9.350783,main,0
110.65912,565.33044,-320.80048,-0.8519942,-12.113351,0.509863,-64.70131,29.757553,-0.85158426,-8.868604,main,1
255.40823,707.0177,-491.73312,-1.4978306,-15.149288,0.7827065,-67.71251,32.768753,-0.937757,-3.5526538,main,2
327.9685,585.3745,-291.64545,-1.8373828,-14.859311,0.49233532,-217.09372,182.14996,-5.2126613,-7.131092,main,3
318.74622,596.35315,-435.25513,-1.7735046,-11.987709,0.8331665,-87.155624,52.21187,-1.4941688,-6.0688057,main,4
