average_difference,max_difference,min_difference,average_relative_difference,min_relative_difference,max_relative_difference,max_validation_fitness,difference_of_maxs,relative_difference_of_maxs,relative_difference_baseline,repertoire_id,sensor_id
205.51982,777.81116,-293.88123,-1.2767719,-641.12695,242.9333,-81.38489,87.64249,14.00577,100.32184,main,0
183.62608,741.364,-432.2469,-1.1951176,-657.2068,230.08246,-82.57266,88.83026,14.195582,118.4742,main,1
232.20755,685.604,-366.30466,-1.2566463,-415.22504,133.71294,-156.74457,163.00217,26.048676,86.802124,main,2
158.42195,581.1693,-476.38483,-1.1661602,-579.6841,225.84784,-55.856476,62.114075,9.926184,92.87417,main,3
268.88095,634.70074,-277.66827,-1.5954384,-637.9061,199.23926,-396.91992,403.17752,64.43007,85.931305,main,4
