average_difference,max_difference,min_difference,average_relative_difference,min_relative_difference,max_relative_difference,max_validation_fitness,difference_of_maxs,relative_difference_of_maxs,relative_difference_baseline,repertoire_id,sensor_id
87.764145,527.34845,-444.04504,-0.43239194,-9.946099,0.630221,-57.051483,20.396027,-0.5564254,-8.313875,main,0
50.682766,524.03186,-367.7675,-0.35171852,-10.362785,0.52196234,-80.4749,43.819443,-1.1954412,-8.967046,main,1
55.072872,461.8061,-383.94818,-0.30203557,-10.800147,0.69839305,-61.13919,24.483734,-0.6679424,-8.341551,main,2
290.60245,742.00116,-197.1814,-0.9909242,-18.111912,0.2635527,-288.12924,251.47379,-6.8604736,-8.758524,main,3
182.30022,583.41504,-400.7975,-0.7308123,-14.220318,0.8431338,-43.948822,7.2933655,-0.1989708,-0.35497567,main,4
