average_difference,max_difference,min_difference,average_relative_difference,min_relative_difference,max_relative_difference,max_validation_fitness,difference_of_maxs,relative_difference_of_maxs,relative_difference_baseline,repertoire_id,sensor_id
231.78755,588.08765,-306.4106,-1.1033072,-17.194384,0.5816789,-54.698807,23.70662,-0.76492244,-13.558282,main,0
169.3486,634.375,-303.34326,-0.825089,-12.680638,0.48637933,-42.2807,11.288513,-0.36423737,-8.727084,main,1
199.53325,566.9887,-481.4389,-0.9016015,-12.224356,0.91774243,-41.79738,10.805191,-0.3486424,-12.224356,main,2
253.24255,740.6838,-127.53662,-1.18551,-23.899048,0.77315426,-37.419617,6.427429,-0.20738868,-23.899048,main,3
239.7181,572.6998,-194.93423,-1.1667656,-18.008955,0.40674916,-116.84473,85.85254,-2.770135,-18.008955,main,4
