average_difference,max_difference,min_difference,average_relative_difference,min_relative_difference,max_relative_difference,max_validation_fitness,difference_of_maxs,relative_difference_of_maxs,relative_difference_baseline,repertoire_id,sensor_id
247.56917,612.00146,-222.54932,-1.0886179,-49.56314,0.47246283,-52.12567,39.777756,-3.2214146,-49.56314,main,0
141.38303,589.9266,-255.76752,-0.72978014,-31.550968,0.4732998,-74.836334,62.48842,-5.060645,-31.550968,main,1
264.76093,600.40765,-209.91351,-1.1517676,-34.477734,0.3938275,-42.18982,29.841904,-2.4167564,-34.477734,main,2
258.63837,711.7738,-355.07263,-1.2120886,-37.588684,0.6607786,-182.28229,169.93437,-13.762191,-37.588684,main,3
280.00034,631.4226,-47.973083,-1.2738218,-49.56809,0.07169233,-86.53888,74.19096,-6.0083795,-49.56809,main,4
