average_difference,max_difference,min_difference,average_relative_difference,min_relative_difference,max_relative_difference,max_validation_fitness,difference_of_maxs,relative_difference_of_maxs,relative_difference_baseline,repertoire_id,sensor_id
227.33818,790.3185,-545.9842,-1.214286,-312.97592,154.41634,-32.80954,47.61261,3.216401,42.03027,main,0
209.56664,629.85205,-317.86804,-1.0953408,-251.94356,148.4026,-45.512253,60.315323,4.0745144,42.548744,main,1
206.04416,708.9194,-626.363,-1.1305578,-286.77258,163.32294,-31.610352,46.41342,3.1353917,43.442883,main,2
224.06546,711.0327,-441.2448,-1.1800113,-208.39104,149.89937,-98.611725,113.414795,7.6615725,39.622665,main,3
278.49615,679.6475,-261.65625,-1.3529521,-252.31047,161.68788,-57.45999,72.26306,4.8816266,43.69267,main,4
