average_difference,max_difference,min_difference,average_relative_difference,min_relative_difference,max_relative_difference,max_validation_fitness,difference_of_maxs,relative_difference_of_maxs,relative_difference_baseline,repertoire_id,sensor_id
227.41083,599.5216,-342.34412,-1.0251017,-18.519459,0.6937152,-50.5457,19.132034,-0.6090354,-6.899083,main,0
209.3074,679.03357,-407.41553,-1.0056258,-16.943722,0.53043693,-53.940292,22.526627,-0.7170964,-10.627523,main,1
61.05751,772.6659,-643.34875,-0.4918341,-14.467374,0.89677185,-38.155243,6.741577,-0.21460651,-9.822521,main,2
93.64196,638.39453,-553.06274,-0.48515522,-18.678122,0.8761619,-41.317078,9.903412,-0.3152581,-0.9908225,main,3
274.24765,764.31683,-342.52814,-1.3087338,-24.113451,0.35229605,-111.23891,79.82524,-2.5410993,-18.602615,main,4
