average_difference,max_difference,min_difference,average_relative_difference,min_relative_difference,max_relative_difference,max_validation_fitness,difference_of_maxs,relative_difference_of_maxs,relative_difference_baseline,repertoire_id,sensor_id
171.98196,522.89655,-493.22156,-0.7784067,-12.801877,0.614419,-59.591812,30.13771,-1.0232093,-8.476705,main,0
189.51447,513.39746,-496.95776,-0.80753285,-13.529288,0.7433247,-54.000137,24.546036,-0.8333656,-13.039154,main,1
130.74738,626.2127,-404.23553,-0.57788104,-10.8561125,0.7471548,-43.22754,13.7734375,-0.46762374,-9.607413,main,2
251.17159,606.20715,-505.30142,-1.0731336,-20.145727,0.83526814,-99.65573,70.20163,-2.3834245,-20.145727,main,3
262.8981,600.24426,-174.62341,-1.0419694,-20.378971,0.7348395,-45.11264,15.658539,-0.5316251,-20.378971,main,4
