average_difference,max_difference,min_difference,average_relative_difference,min_relative_difference,max_relative_difference,max_validation_fitness,difference_of_maxs,relative_difference_of_maxs,relative_difference_baseline,repertoire_id,sensor_id
228.22394,673.05334,-254.28433,-1.4422262,-1154.4554,425.76352,-48.186737,52.09588,13.32668,169.5958,main,0
130.00066,519.95074,-369.26953,-1.062734,-954.87506,322.87018,-42.54837,46.45751,11.884326,133.00893,main,1
263.074,657.6349,-324.03638,-1.665085,-1193.4318,379.1135,-48.897537,52.80668,13.508511,140.50577,main,2
196.96855,738.23584,-360.13635,-1.3851941,-956.10626,323.10324,-87.328186,91.23733,23.33948,119.9134,main,3
245.61171,640.7537,-494.65598,-1.6420014,-1191.8496,425.09244,-49.49559,53.40473,13.661499,144.20374,main,4
