average_difference,max_difference,min_difference,average_relative_difference,min_relative_difference,max_relative_difference,max_validation_fitness,difference_of_maxs,relative_difference_of_maxs,relative_difference_baseline,repertoire_id,sensor_id
60.78325,461.83646,-564.6741,-0.36586985,-7.571002,0.7754628,-56.880096,22.273285,-0.6436099,-7.571002,main,0
91.51548,430.99783,-525.1001,-0.5366683,-10.767566,0.6884455,-59.514267,24.907455,-0.719727,-10.767566,main,1
122.79553,485.57513,-276.78943,-0.54692554,-10.701822,0.77594167,-75.7957,41.18889,-1.190196,-10.701822,main,2
125.3534,633.9817,-424.838,-0.825308,-17.610853,0.5239501,-205.31482,170.70801,-4.9327865,-17.367266,main,3
118.81764,617.4945,-359.281,-0.66314083,-14.829296,0.35885298,-168.09192,133.4851,-3.8571918,-14.829296,main,4
