average_difference,max_difference,min_difference,average_relative_difference,min_relative_difference,max_relative_difference,max_validation_fitness,difference_of_maxs,relative_difference_of_maxs,relative_difference_baseline,repertoire_id,sensor_id
219.86833,531.80707,-306.3326,-0.9219951,-10.124247,0.62110907,-49.668762,16.088501,-0.4791059,-9.172874,main,0
190.3296,578.40936,-259.42007,-0.8333295,-9.827976,0.4412331,-45.669586,12.089325,-0.36001283,-9.827976,main,1
243.65181,572.3215,-335.919,-0.99928516,-11.335528,0.6716984,-47.23381,13.653549,-0.40659449,-9.811864,main,2
253.9543,583.1295,-33.992676,-1.1224252,-17.203535,0.052304104,-317.01227,283.432,-8.440434,-17.203535,main,3
263.8698,641.713,-342.46616,-1.1612805,-17.7797,0.5269484,-260.5278,226.94754,-6.7583613,-17.7797,main,4
