average_difference,max_difference,min_difference,average_relative_difference,min_relative_difference,max_relative_difference,max_validation_fitness,difference_of_maxs,relative_difference_of_maxs,relative_difference_baseline,repertoire_id,sensor_id
243.64473,639.1463,-317.81165,-0.8954375,-49.373955,113.52993,-63.499146,77.37279,5.576963,46.01515,main,0
173.9546,649.4547,-362.72833,-0.63100463,-46.26302,112.047775,-80.35867,94.232315,6.792183,45.484524,main,1
185.40947,809.20996,-639.3181,-0.8044873,-40.700203,145.53557,-56.854584,70.728226,5.0980287,10.502085,main,2
191.27644,742.701,-374.7625,-0.92133677,-47.80795,115.184326,-172.21301,186.08665,13.412964,46.37082,main,3
225.99805,760.9379,-303.09338,-0.926446,-48.445858,116.16665,-87.2231,101.09674,7.286965,47.05935,main,4
