average_difference,max_difference,min_difference,average_relative_difference,min_relative_difference,max_relative_difference,max_validation_fitness,difference_of_maxs,relative_difference_of_maxs,relative_difference_baseline,repertoire_id,sensor_id
201.88559,675.33356,-291.26862,-1.7218424,-428.37732,0.5043829,-57.822952,56.24646,-35.678234,-428.37732,main,0
154.59308,751.82904,-251.83838,-1.4454637,-325.93463,0.38211375,-61.028564,59.452072,-37.711617,-325.93463,main,1
207.16037,763.2383,-430.5514,-1.661619,-401.178,0.8252229,-46.368286,44.791794,-28.412313,-401.178,main,2
292.24826,657.7577,-162.07574,-2.1063,-396.02005,0.21264654,-493.31342,491.73694,-311.9184,-396.02005,main,3
301.53177,779.5228,-252.19867,-2.0741997,-401.61728,0.33088958,-265.8272,264.25073,-167.61943,-401.61728,main,4
